{
  "data/java_davinci-0.8-keep/codebert-java_L7_idf.fm_dev": [
    [
      0.4948510721501662,
      0.5870630903511219,
      0.6435029604736758,
      0.5642663647758056,
      0.4973634464232415
    ],
    [
      0.3678376322343353,
      0.33080243950366595,
      0.314901527451893,
      0.27313064966043155,
      0.4061257962581619
    ],
    [
      0.3731157358156244,
      0.30496124252010537,
      0.3059694767115848,
      0.247572599392556,
      0.3969459053778824
    ]
  ],
  "data/java_davinci-0.8-keep/codebert-java_L7_idf.fm_test": [
    [
      0.518892143037929,
      0.6783967112024666,
      0.5753659354165891,
      0.4909551734420038,
      0.5128983308042488
    ],
    [
      0.4229355004145358,
      0.31302941160354825,
      0.40490237108773086,
      0.3424528668650641,
      0.42850475676640576
    ],
    [
      0.4188494016431371,
      0.30339007190626216,
      0.38449994516065766,
      0.31681941602849006,
      0.4198219947825475
    ]
  ]
}